Res,Naive,NumPy,Numba
128,0.22377705574035645,0.21471905708312988,8.513850212097168
256,1.073796033859253,0.13446593284606934,0.024016380310058594
512,3.159287452697754,0.6897735595703125,0.059435367584228516
1024,13.345581293106079,3.489093065261841,0.3809800148010254
